"TX50_RS00020","PMM0001"
"TX50_RS00025","PMM0002"
"TX50_RS00030","PMM0003"
"TX50_RS00035","PMM0004"
"TX50_RS00040","PMM0005"
"TX50_RS00045","PMM0006"
"TX50_RS00050","PMM0007"
"TX50_RS00055","PMM0008"
"TX50_RS00060","PMM0009"
"TX50_RS00065","PMM0010"
"TX50_RS00070","PMM0011"
"TX50_RS00075","PMM0012"
"TX50_RS00080","PMM0013"
"TX50_RS00085","PMM0014"
"TX50_RS00090","PMM0015"
"TX50_RS00095","PMM0016"
"TX50_RS00100","PMM0017"
"TX50_RS00105","PMM0018"
"TX50_RS00110","PMM0019"
"TX50_RS00115","PMM0020"
"TX50_RS00120","PMM0021"
"TX50_RS00125","PMM0022"
"TX50_RS00130","PMM0023"
"TX50_RS00135","PMM0024"
"TX50_RS00140","PMM0025"
"TX50_RS00145","PMM0026"
"TX50_RS00150","PMM0027"
"TX50_RS00155","PMM0028"
"TX50_RS00160","PMM0029"
"TX50_RS00165","PMM0030"
"TX50_RS00170","PMM0031"
"TX50_RS00175","PMM0032"
"TX50_RS00180","PMM0033"
"TX50_RS00185","PMM0034"
"TX50_RS00190","PMM0035"
"TX50_RS00195","PMM0036"
"TX50_RS00200","PMM0037"
"TX50_RS00205","PMM0038"
"TX50_RS00210","PMM0039"
"TX50_RS09375","PMM1800"
"TX50_RS00215","PMM0040"
"TX50_RS00220","PMM0041"
"TX50_RS00225","PMM0042"
"TX50_RS00230","PMM0043"
"TX50_RS00235","PMM0044"
"TX50_RS00240","PMM0045"
"TX50_RS00245","PMM0046"
"TX50_RS00250","PMM0047"
"TX50_RS00255","PMM0048"
"TX50_RS00260","PMM0049"
"TX50_RS00265","PMM0050"
"TX50_RS00270","PMM0051"
"TX50_RS00275","PMM0052"
"TX50_RS09225","RNA_43"
"TX50_RS00280","PMM0053"
"TX50_RS00285","PMM0054"
"TX50_RS00290","PMM0055"
"TX50_RS09530","PMM1802"
"TX50_RS00295","PMM0056"
"TX50_RS00300","PMM0057"
"TX50_RS00305","PMM0058"
"TX50_RS00310","PMM0059"
"TX50_RS00315","RNA_37"
"TX50_RS00320","PMM0060"
"TX50_RS00325","PMM0061"
"TX50_RS00330","PMM0062"
"TX50_RS00335","PMM0063"
"TX50_RS00340","PMM0064"
"TX50_RS00345","PMM0065"
"TX50_RS00350","PMM0066"
"TX50_RS00355","PMM0067"
"TX50_RS00360","PMM0068"
"TX50_RS00365","PMM0069"
"TX50_RS00370","PMM0070"
"TX50_RS00375","PMM0071"
"TX50_RS00380","PMM0072"
"TX50_RS00385","PMM0073"
"TX50_RS00390","PMM0074"
"TX50_RS00395","PMM0075"
"TX50_RS09535","PMM1803"
"TX50_RS00405","PMM0076"
"TX50_RS00410","PMM0077"
"TX50_RS00415","PMM0078"
"TX50_RS00420","PMM0079"
"TX50_RS00425","PMM0080"
"TX50_RS00430","PMM0081"
"TX50_RS00435","PMM0082"
"TX50_RS00440","PMM0083"
"TX50_RS00445","PMM0084"
"TX50_RS00450","PMM0085"
"TX50_RS00455","PMM0086"
"TX50_RS00460","PMM0087"
"TX50_RS00465","PMM0088"
"TX50_RS09395","PMM1804"
"TX50_RS00475","PMM0089"
"TX50_RS09540","PMM1805"
"TX50_RS00480","PMM0090"
"TX50_RS00485","PMM0091"
"TX50_RS00490","PMM0092"
"TX50_RS00495","PMM0093"
"TX50_RS00500","PMM0094"
"TX50_RS00505","PMM0095"
"TX50_RS00510","PMM0096"
"TX50_RS00515","PMM0097"
"TX50_RS00520","PMM0098"
"TX50_RS00525","PMM0099"
"TX50_RS00530","PMM0100"
"TX50_RS00535","PMM0101"
"TX50_RS00540","PMM0102"
"TX50_RS00550","PMM0103"
"TX50_RS00555","PMM0104"
"TX50_RS00560","PMM0105"
"TX50_RS00565","PMM0106"
"TX50_RS00570","PMM0107"
"TX50_RS00575","PMM0108"
"TX50_RS00580","PMM0109"
"TX50_RS00585","PMM0110"
"TX50_RS09230","PMM0111"
"TX50_RS00590","PMM0112"
"TX50_RS00595","PMM0113"
"TX50_RS00600","PMM0114"
"TX50_RS00605","PMM0115"
"TX50_RS00610","PMM0116"
"TX50_RS00615","PMM0117"
"TX50_RS00620","PMM0118"
"TX50_RS00625","PMM0119"
"TX50_RS00630","PMM0120"
"TX50_RS00635","PMM0121"
"TX50_RS00640","PMM0122"
"TX50_RS00645","PMM0123"
"TX50_RS00650","PMM0124"
"TX50_RS00655","PMM0125"
"TX50_RS00660","RNA_1"
"TX50_RS00665","PMM0126"
"TX50_RS00670","PMM0127"
"TX50_RS00675","PMM0128"
"TX50_RS00680","PMM0129"
"TX50_RS00685","PMM0130"
"TX50_RS00690","PMM0131"
"TX50_RS00695","PMM0132"
"TX50_RS00700","PMM0133"
"TX50_RS00705","PMM0134"
"TX50_RS00710","PMM0135"
"TX50_RS00715","PMM0136"
"TX50_RS00720","PMM0137"
"TX50_RS00725","PMM0138"
"TX50_RS00730","PMM0139"
"TX50_RS00735","PMM0140"
"TX50_RS00740","PMM0141"
"TX50_RS00745","PMM0142"
"TX50_RS00750","PMM0143"
"TX50_RS00755","PMM0144"
"TX50_RS00760","PMM0145"
"TX50_RS00765","PMM0146"
"TX50_RS00770","PMM0147"
"TX50_RS00775","PMM0148"
"TX50_RS00780","PMM0149"
"TX50_RS00785","PMM0150"
"TX50_RS00790","PMM0151"
"TX50_RS00795","PMM0152"
"TX50_RS00800","PMM0153"
"TX50_RS00805","PMM0154"
"TX50_RS00810","PMM0155"
"TX50_RS00815","PMM0156"
"TX50_RS00820","PMM0157"
"TX50_RS00825","PMM0158"
"TX50_RS00830","PMM0159"
"TX50_RS00835","PMM0160"
"TX50_RS00840","PMM0161"
"TX50_RS00845","PMM0162"
"TX50_RS00850","PMM0163"
"TX50_RS00855","PMM0164"
"TX50_RS00860","PMM0165"
"TX50_RS00865","PMM0166"
"TX50_RS00870","PMM0167"
"TX50_RS00875","PMM0168"
"TX50_RS00880","PMM0169"
"TX50_RS00885","PMM0170"
"TX50_RS00890","PMM0171"
"TX50_RS00895","PMM0172"
"TX50_RS00900","PMM0173"
"TX50_RS00905","PMM0174"
"TX50_RS00910","PMM0175"
"TX50_RS00915","PMM0176"
"TX50_RS00920","PMM0177"
"TX50_RS00925","PMM0178"
"TX50_RS00930","PMM0179"
"TX50_RS00935","PMM0180"
"TX50_RS00940","PMM0181"
"TX50_RS00945","PMM0182"
"TX50_RS00950","PMM0183"
"TX50_RS00955","PMM0184"
"TX50_RS00960","PMM0185"
"TX50_RS00965","PMM0186"
"TX50_RS00970","PMM0187"
"TX50_RS00975","PMM0188"
"TX50_RS00980","PMM0189"
"TX50_RS00985","PMM0190"
"TX50_RS00990","PMM0191"
"TX50_RS00995","PMM0192"
"TX50_RS01000","PMM0193"
"TX50_RS01005","PMM0194"
"TX50_RS01010","PMM0195"
"TX50_RS01015","PMM0196"
"TX50_RS01020","PMM0197"
"TX50_RS01025","PMM0198"
"TX50_RS01030","PMM0199"
"TX50_RS01035","PMM0200"
"TX50_RS01040","PMM0201"
"TX50_RS01045","PMM0202"
"TX50_RS01050","PMM0203"
"TX50_RS01055","PMM0204"
"TX50_RS01060","PMM0205"
"TX50_RS01065","PMM0206"
"TX50_RS01070","PMM0207"
"TX50_RS01075","PMM0208"
"TX50_RS01080","PMM0209"
"TX50_RS01085","PMM0210"
"TX50_RS01090","PMM0211"
"TX50_RS01095","PMM0212"
"TX50_RS01100","PMM0213"
"TX50_RS01105","PMM0214"
"TX50_RS01110","PMM0215"
"TX50_RS01115","PMM0216"
"TX50_RS01120","PMM0217"
"TX50_RS01125","PMM0218"
"TX50_RS01130","PMM0219"
"TX50_RS09240","PMM0220"
"TX50_RS01140","PMM0221"
"TX50_RS01145","PMM0222"
"TX50_RS01150","PMM0223"
"TX50_RS01155","PMM0224"
"TX50_RS01160","PMM0225"
"TX50_RS01165","PMM0226"
"TX50_RS01170","PMM0227"
"TX50_RS01175","PMM0228"
"TX50_RS01180","PMM0229"
"TX50_RS01185","PMM0230"
"TX50_RS01190","PMM0231"
"TX50_RS01195","PMM0232"
"TX50_RS01200","PMM0233"
"TX50_RS01205","PMM0234"
"TX50_RS01210","PMM0235"
"TX50_RS01215","PMM0236,PMM1806"
"TX50_RS01225","RNA_2"
"TX50_RS01230","PMM0237"
"TX50_RS01235","PMM0238"
"TX50_RS01240","PMM0239"
"TX50_RS01245","PMM0240"
"TX50_RS01250","PMM0241"
"TX50_RS01255","PMM0242"
"TX50_RS01260","PMM0243"
"TX50_RS01265","PMM0244"
"TX50_RS01270","PMM0245"
"TX50_RS01275","PMM0246"
"TX50_RS01280","PMM0247"
"TX50_RS01285","PMM0248"
"TX50_RS01290","PMM0249"
"TX50_RS01295","PMM0250"
"TX50_RS01300","PMM0251"
"TX50_RS01305","PMM0252"
"TX50_RS01310","PMM0253"
"TX50_RS01315","PMM0254"
"TX50_RS01320","PMM0255"
"TX50_RS01325","PMM0256"
"TX50_RS01330","PMM0257"
"TX50_RS01335","PMM0258"
"TX50_RS01340","RNA_36"
"TX50_RS01345","PMM0259"
"TX50_RS01350","PMM0260"
"TX50_RS01355","PMM0261"
"TX50_RS01360","PMM0262"
"TX50_RS01365","PMM0263"
"TX50_RS01370","PMM0264"
"TX50_RS01375","PMM0265"
"TX50_RS01380","PMM0266"
"TX50_RS01385","PMM0267"
"TX50_RS01390","PMM0268"
"TX50_RS01395","PMM0269"
"TX50_RS01400","PMM0270"
"TX50_RS01405","PMM0271"
"TX50_RS01410","PMM0272"
"TX50_RS01415","PMM0273"
"TX50_RS01420","PMM0274"
"TX50_RS01425","RNA_35"
"TX50_RS01430","PMM0275"
"TX50_RS01435","PMM0276"
"TX50_RS01440","PMM0277"
"TX50_RS01445","PMM0278"
"TX50_RS01450","PMM0279"
"TX50_RS01455","PMM0280"
"TX50_RS01460","PMM0281"
"TX50_RS01465","PMM0282"
"TX50_RS01470","PMM0283"
"TX50_RS01475","PMM0284"
"TX50_RS01480","PMM0285"
"TX50_RS01485","PMM0286"
"TX50_RS01490","PMM0287"
"TX50_RS01495","PMM0288"
"TX50_RS01500","PMM0289"
"TX50_RS01505","PMM0290"
"TX50_RS01510","PMM0291"
"TX50_RS01515","PMM0292"
"TX50_RS01520","PMM0293"
"TX50_RS01525","PMM0294"
"TX50_RS01530","PMM0295"
"TX50_RS01535","PMM0296"
"TX50_RS01540","PMM0297"
"TX50_RS01545","PMM0298"
"TX50_RS09245","PMM0299"
"TX50_RS01550","PMM0300"
"TX50_RS01555","PMM0301"
"TX50_RS01560","PMM0302"
"TX50_RS01565","PMM0303"
"TX50_RS01570","PMM0304"
"TX50_RS01575","PMM1807"
"TX50_RS01580","PMM0305"
"TX50_RS01585","PMM0306"
"TX50_RS01590","PMM0307"
"TX50_RS01595","PMM0308"
"TX50_RS01600","PMM0309"
"TX50_RS01605","RNA_34"
"TX50_RS01610","PMM0310"
"TX50_RS01615","PMM0311"
"TX50_RS01620","PMM0312"
"TX50_RS01625","PMM0313"
"TX50_RS01630","PMM0314"
"TX50_RS01635","PMM0315"
"TX50_RS01640","PMM0316"
"TX50_RS01645","PMM0317"
"TX50_RS01650","PMM0318"
"TX50_RS01655","PMM0319"
"TX50_RS01660","RNA_33"
"TX50_RS01665","PMM0320"
"TX50_RS01670","PMM0321"
"TX50_RS01675","PMM0322"
"TX50_RS01680","PMM0323"
"TX50_RS01685","PMM0324"
"TX50_RS01690","PMM0325"
"TX50_RS01695","PMM0326"
"TX50_RS01700","PMM0327"
"TX50_RS01705","RNA_39"
"TX50_RS01710","RNA_3"
"TX50_RS01715","RNA_4"
"TX50_RS01720","RNA_40"
"TX50_RS01725","RNA_41"
"TX50_RS01730","PMM0328"
"TX50_RS01735","PMM0329"
"TX50_RS01740","PMM0330"
"TX50_RS01745","PMM0331"
"TX50_RS01750","PMM0332"
"TX50_RS01755","PMM0333"
"TX50_RS01760","PMM0334"
"TX50_RS09545","PMM1810"
"TX50_RS01765","PMM0335"
"TX50_RS01770","PMM0336"
"TX50_RS09550","PMM1812"
"TX50_RS01775","PMM0337"
"TX50_RS01780","PMM1813"
"TX50_RS01785","PMM0338"
"TX50_RS01790","PMM1814"
"TX50_RS01795","PMM0339"
"TX50_RS01800","PMM0340"
"TX50_RS01805","PMM0341"
"TX50_RS01810","PMM0342"
"TX50_RS01815","PMM1816"
"TX50_RS01820","PMM0343"
"TX50_RS01825","PMM0344"
"TX50_RS01830","PMM0345"
"TX50_RS01835","PMM0346"
"TX50_RS01840","PMM0347"
"TX50_RS01845","PMM0348"
"TX50_RS01850","PMM0349"
"TX50_RS01855","PMM0350"
"TX50_RS01860","PMM0351"
"TX50_RS01865","PMM0352"
"TX50_RS01870","PMM0353"
"TX50_RS01875","PMM0354"
"TX50_RS01880","PMM1821"
"TX50_RS01885","PMM0355"
"TX50_RS01890","PMM1824"
"TX50_RS01895","PMM0356"
"TX50_RS09555","PMM1825"
"TX50_RS01900","PMM0357"
"TX50_RS01905","PMM0358"
"TX50_RS09400","PMM0359"
"TX50_RS09560","PMM1826"
"TX50_RS01910","PMM0360"
"TX50_RS01915","PMM0361"
"TX50_RS01920","PMM0362"
"TX50_RS01925","PMM0363"
"TX50_RS01930","PMM1828"
"TX50_RS01935","PMM0364"
"TX50_RS01940","PMM0365"
"TX50_RS01945","PMM0366"
"TX50_RS01950","PMM0367"
"TX50_RS01955","PMM0368"
"TX50_RS09410","PMM2034"
"TX50_RS09565","PMM1830"
"TX50_RS01960","PMM1831"
"TX50_RS09570","PMM1832"
"TX50_RS09575","PMM1834"
"TX50_RS01965","PMM0369"
"TX50_RS01970","PMM0370"
"TX50_RS01975","PMM0371"
"TX50_RS01980","PMM0372"
"TX50_RS01985","PMM0373"
"TX50_RS01990","PMM0374"
"TX50_RS01995","PMM0375"
"TX50_RS02000","PMM0376"
"TX50_RS02005","PMM0377"
"TX50_RS02010","PMM0378"
"TX50_RS09415","PMM1835"
"TX50_RS02015","PMM1837"
"TX50_RS02020","PMM0379"
"TX50_RS02025","PMM0380"
"TX50_RS02030","PMM1839"
"TX50_RS09420","PMM0381"
"TX50_RS02035","PMM0382"
"TX50_RS02040","PMM1840"
"TX50_RS02045","PMM0383"
"TX50_RS02050","PMM0384"
"TX50_RS02055","PMM1841"
"TX50_RS02060","PMM0386"
"TX50_RS02070","PMM1843"
"TX50_RS02075","RNA_32"
"TX50_RS02080","RNA_31"
"TX50_RS02085","PMM0387"
"TX50_RS02090","PMM0388"
"TX50_RS02095","PMM0389"
"TX50_RS02100","PMM0390"
"TX50_RS02105","PMM0391"
"TX50_RS02110","PMM0392"
"TX50_RS02115","PMM0393"
"TX50_RS02120","PMM0394"
"TX50_RS02125","PMM0395"
"TX50_RS02130","PMM0396"
"TX50_RS02135","PMM0397"
"TX50_RS02140","PMM0398"
"TX50_RS02145","PMM0399"
"TX50_RS02150","PMM0400"
"TX50_RS02155","PMM0401"
"TX50_RS02160","PMM0402"
"TX50_RS02165","PMM0403"
"TX50_RS02170","PMM0404"
"TX50_RS02175","PMM1845"
"TX50_RS02180","PMM0405"
"TX50_RS02185","PMM0406"
"TX50_RS02190","PMM0407"
"TX50_RS02195","PMM0408"
"TX50_RS02200","PMM0409"
"TX50_RS02205","PMM0410"
"TX50_RS02210","PMM0411"
"TX50_RS02215","PMM0412"
"TX50_RS02220","PMM0413"
"TX50_RS02225","PMM0414"
"TX50_RS02230","PMM0415"
"TX50_RS02235","PMM0416"
"TX50_RS02240","PMM1846"
"TX50_RS02245","PMM0417"
"TX50_RS02250","PMM0418"
"TX50_RS02255","PMM0419"
"TX50_RS02260","PMM0420"
"TX50_RS02265","PMM0421"
"TX50_RS02270","PMM0422"
"TX50_RS02275","PMM1847"
"TX50_RS02280","PMM0423"
"TX50_RS02285","PMM0424"
"TX50_RS02290","PMM0425"
"TX50_RS02300","PMM0426"
"TX50_RS02305","PMM0427"
"TX50_RS02310","PMM0428"
"TX50_RS02315","PMM0429"
"TX50_RS02320","PMM0430"
"TX50_RS02325","PMM0431"
"TX50_RS02330","PMM0432"
"TX50_RS02335","PMM0433"
"TX50_RS02340","PMM0434"
"TX50_RS02345","PMM0435"
"TX50_RS02350","PMM0436"
"TX50_RS02355","PMM0437"
"TX50_RS02360","PMM0438"
"TX50_RS02365","PMM0439"
"TX50_RS02370","PMM0440"
"TX50_RS02375","PMM0441"
"TX50_RS02380","PMM0442"
"TX50_RS02385","PMM0443"
"TX50_RS02390","PMM0444"
"TX50_RS02395","PMM0445"
"TX50_RS02400","PMM0446"
"TX50_RS02405","PMM0447"
"TX50_RS02410","PMM0448"
"TX50_RS02415","PMM0449"
"TX50_RS02420","PMM0450"
"TX50_RS02425","PMM0451"
"TX50_RS02430","PMM0452"
"TX50_RS02435","PMM1850"
"TX50_RS02440","PMM0453"
"TX50_RS02445","PMM0454"
"TX50_RS02450","PMM0455"
"TX50_RS02455","PMM0456"
"TX50_RS02460","PMM0457"
"TX50_RS02465","PMM0458"
"TX50_RS02470","PMM0459"
"TX50_RS02475","PMM0460"
"TX50_RS02480","PMM0461"
"TX50_RS02485","PMM0462"
"TX50_RS02490","PMM0463"
"TX50_RS02495","PMM0464"
"TX50_RS02500","PMM0465"
"TX50_RS02505","PMM0466"
"TX50_RS02510","PMM0467"
"TX50_RS02515","PMM0468"
"TX50_RS02520","PMM0469"
"TX50_RS02525","PMM0470"
"TX50_RS02530","PMM0471"
"TX50_RS02535","PMM0472"
"TX50_RS02540","PMM0473"
"TX50_RS02545","RNA_30"
"TX50_RS02550","PMM0474"
"TX50_RS02555","RNA_29"
"TX50_RS02560","PMM0475"
"TX50_RS02565","PMM0476"
"TX50_RS02570","PMM0477"
"TX50_RS02575","PMM0478"
"TX50_RS02580","PMM0479"
"TX50_RS02585","PMM0480"
"TX50_RS02590","PMM0481"
"TX50_RS02595","PMM1851"
"TX50_RS02600","PMM0482"
"TX50_RS02605","PMM0483"
"TX50_RS02610","PMM0484"
"TX50_RS02615","PMM0485"
"TX50_RS02620","PMM0486"
"TX50_RS02625","PMM0487"
"TX50_RS02630","PMM0488"
"TX50_RS02635","PMM0489"
"TX50_RS02640","PMM0490"
"TX50_RS02645","PMM0491"
"TX50_RS02650","PMM0492"
"TX50_RS02655","PMM0493"
"TX50_RS02660","PMM0494"
"TX50_RS02665","PMM0495"
"TX50_RS02670","PMM0496"
"TX50_RS02675","PMM0497"
"TX50_RS02680","PMM0498"
"TX50_RS02685","PMM0499"
"TX50_RS02690","PMM0500"
"TX50_RS02695","PMM0501"
"TX50_RS02700","PMM0502"
"TX50_RS02705","PMM0503"
"TX50_RS02710","PMM0504"
"TX50_RS02715","PMM0505"
"TX50_RS02720","PMM0506"
"TX50_RS02725","PMM0507"
"TX50_RS02730","PMM0508"
"TX50_RS02735","PMM0509"
"TX50_RS02740","PMM0510"
"TX50_RS02745","PMM0511"
"TX50_RS02750","PMM0512"
"TX50_RS02755","PMM0513"
"TX50_RS02760","PMM0514"
"TX50_RS02765","PMM0515"
"TX50_RS02770","PMM0516"
"TX50_RS02775","PMM0517"
"TX50_RS02780","PMM0518"
"TX50_RS02785","PMM0519"
"TX50_RS02790","PMM0520"
"TX50_RS02795","PMM0521"
"TX50_RS02800","PMM0522"
"TX50_RS02805","PMM0523"
"TX50_RS02810","PMM0524"
"TX50_RS02815","PMM0525"
"TX50_RS02820","PMM0526"
"TX50_RS02825","PMM0527"
"TX50_RS02830","PMM0528"
"TX50_RS02835","PMM0529"
"TX50_RS02840","PMM0530"
"TX50_RS02845","PMM0531"
"TX50_RS02850","PMM0532"
"TX50_RS02855","PMM0533"
"TX50_RS02860","PMM0534"
"TX50_RS02865","PMM0535"
"TX50_RS02870","PMM0536"
"TX50_RS02875","PMM0537"
"TX50_RS02880","PMM0538"
"TX50_RS02885","PMM0539"
"TX50_RS02890","PMM0540"
"TX50_RS02895","PMM0541"
"TX50_RS02900","PMM0542"
"TX50_RS02905","PMM0543"
"TX50_RS02910","PMM0544"
"TX50_RS02915","PMM0545"
"TX50_RS02920","PMM0546"
"TX50_RS02925","PMM0547"
"TX50_RS02930","PMM0548"
"TX50_RS02935","PMM0549"
"TX50_RS02940","PMM0550"
"TX50_RS02945","PMM0551"
"TX50_RS02950","PMM0552"
"TX50_RS02955","PMM0553"
"TX50_RS02960","PMM0554"
"TX50_RS02965","PMM0555"
"TX50_RS02970","PMM0556"
"TX50_RS02975","PMM0557"
"TX50_RS02980","PMM0558"
"TX50_RS02985","PMM0559"
"TX50_RS02990","PMM0560"
"TX50_RS02995","PMM0561"
"TX50_RS03000","PMM0562"
"TX50_RS03005","PMM0563"
"TX50_RS03010","PMM0564"
"TX50_RS03015","PMM0565"
"TX50_RS03020","PMM0566"
"TX50_RS03025","PMM0567"
"TX50_RS03030","PMM0568"
"TX50_RS03035","PMM0569"
"TX50_RS03040","RNA_5"
"TX50_RS03045","PMM0570"
"TX50_RS03050","PMM0571"
"TX50_RS03055","PMM0572"
"TX50_RS03060","PMM0573"
"TX50_RS03065","PMM0574"
"TX50_RS03070","PMM0575"
"TX50_RS03075","PMM0576"
"TX50_RS03080","PMM0577"
"TX50_RS03085","PMM0578"
"TX50_RS03090","PMM0579"
"TX50_RS03095","PMM0580"
"TX50_RS03100","PMM0581"
"TX50_RS03105","PMM0582"
"TX50_RS03110","PMM0583"
"TX50_RS03115","PMM0584"
"TX50_RS03120","PMM0585"
"TX50_RS03125","PMM0586"
"TX50_RS03130","PMM0587"
"TX50_RS03135","PMM0588"
"TX50_RS03140","PMM0589"
"TX50_RS03145","PMM0590"
"TX50_RS03150","PMM0591"
"TX50_RS03155","PMM0592"
"TX50_RS03160","PMM0593"
"TX50_RS03165","PMM0594"
"TX50_RS03170","PMM0595"
"TX50_RS03175","PMM0596"
"TX50_RS03180","PMM0597"
"TX50_RS03185","PMM0598"
"TX50_RS03190","PMM0599"
"TX50_RS03195","PMM0600"
"TX50_RS03200","PMM0601"
"TX50_RS03205","PMM0602"
"TX50_RS03210","PMM0603"
"TX50_RS03215","PMM0604"
"TX50_RS03220","PMM0605"
"TX50_RS03225","PMM0606"
"TX50_RS03230","PMM0607"
"TX50_RS03235","PMM0608"
"TX50_RS03240","PMM0609"
"TX50_RS03245","PMM0610"
"TX50_RS03250","PMM0611"
"TX50_RS03255","PMM0612"
"TX50_RS03260","PMM0613"
"TX50_RS03265","PMM0614"
"TX50_RS03270","PMM0615"
"TX50_RS03275","PMM0616"
"TX50_RS03280","PMM0617"
"TX50_RS03285","PMM0618"
"TX50_RS03290","PMM0619"
"TX50_RS03295","PMM0620"
"TX50_RS03300","PMM0621"
"TX50_RS03305","PMM0622"
"TX50_RS03310","PMM0623"
"TX50_RS03320","PMM0625"
"TX50_RS03325","PMM0626"
"TX50_RS09580","PMM1852"
"TX50_RS03330","PMM0627"
"TX50_RS03335","PMM0628"
"TX50_RS03340","PMM0629"
"TX50_RS03345","PMM0630"
"TX50_RS03350","PMM0631"
"TX50_RS03355","PMM0632"
"TX50_RS03360","PMM0633"
"TX50_RS03365","PMM0634"
"TX50_RS03370","PMM0635"
"TX50_RS03375","PMM0636"
"TX50_RS03380","PMM0637"
"TX50_RS03385","PMM0638"
"TX50_RS03390","PMM0639"
"TX50_RS03395","PMM0640"
"TX50_RS03400","PMM0641"
"TX50_RS03405","PMM0642"
"TX50_RS03410","PMM0643"
"TX50_RS03415","PMM0644"
"TX50_RS03420","PMM0645"
"TX50_RS03425","PMM0646"
"TX50_RS03430","PMM0647"
"TX50_RS03435","PMM0648"
"TX50_RS03440","PMM0649"
"TX50_RS03445","PMM0650"
"TX50_RS03450","PMM0651"
"TX50_RS03455","PMM0652"
"TX50_RS09585","PMM1853"
"TX50_RS03460","PMM0653"
"TX50_RS03465","PMM0654"
"TX50_RS03470","PMM0655"
"TX50_RS03475","PMM0656"
"TX50_RS03480","PMM1854"
"TX50_RS03485","PMM1855"
"TX50_RS03490","PMM0657"
"TX50_RS03495","PMM0658"
"TX50_RS03500","RNA_28"
"TX50_RS03505","PMM0659"
"TX50_RS09590","PMM1857"
"TX50_RS09595","PMM1858"
"TX50_RS03510","PMM1859"
"TX50_RS03515","PMM0660"
"TX50_RS03520","PMM0661"
"TX50_RS03525","PMM0662"
"TX50_RS03530","PMM0663"
"TX50_RS03535","PMM0664"
"TX50_RS03540","PMM0665"
"TX50_RS03545","PMM0666"
"TX50_RS03550","PMM0667"
"TX50_RS03555","PMM0668"
"TX50_RS03560","PMM0669"
"TX50_RS03565","PMM0670"
"TX50_RS03570","PMM0671"
"TX50_RS03575","PMM0672"
"TX50_RS03580","PMM0673"
"TX50_RS03585","PMM0674"
"TX50_RS03590","PMM0675"
"TX50_RS03595","PMM0676"
"TX50_RS03600","PMM0677"
"TX50_RS03605","PMM0678"
"TX50_RS03610","PMM0679"
"TX50_RS03615","PMM0680"
"TX50_RS03620","PMM0681"
"TX50_RS03625","PMM0682"
"TX50_RS03630","PMM0683"
"TX50_RS03635","PMM0684"
"TX50_RS09600","PMM1860"
"TX50_RS09270","PMM0685"
"TX50_RS09605","PMM2046"
"TX50_RS03640","PMM0686"
"TX50_RS09425","PMM1863"
"TX50_RS03645","PMM0687"
"TX50_RS09610","PMM1864"
"TX50_RS03650","PMM1865"
"TX50_RS03655","PMM0688"
"TX50_RS09615","PMM1866"
"TX50_RS03660","PMM1867"
"TX50_RS03665","PMM1868"
"TX50_RS09275","PMM0689"
"TX50_RS03675","PMM0690"
"TX50_RS09620","PMM1870"
"TX50_RS03680","PMM0691"
"TX50_RS03685","PMM0692"
"TX50_RS03690","PMM1871"
"TX50_RS03695","PMM1872"
"TX50_RS03700","PMM0693"
"TX50_RS03705","PMM0694"
"TX50_RS03710","PMM0695"
"TX50_RS03715","PMM0696"
"TX50_RS03720","PMM0697"
"TX50_RS09625","PMM1873"
"TX50_RS03725","PMM0698"
"TX50_RS09430","PMM1874"
"TX50_RS03730","PMM0699"
"TX50_RS03735","PMM0700"
"TX50_RS03745","PMM0701"
"TX50_RS03750","PMM0702"
"TX50_RS03755","PMM0703"
"TX50_RS03760","PMM0704"
"TX50_RS03765","PMM0705"
"TX50_RS03770","PMM0706"
"TX50_RS03775","PMM0707"
"TX50_RS03780","PMM0708"
"TX50_RS03785","PMM0709"
"TX50_RS03790","PMM0710"
"TX50_RS03795","PMM0711"
"TX50_RS03800","PMM0712"
"TX50_RS03805","PMM0713"
"TX50_RS03810","PMM0714"
"TX50_RS03820","PMM0715"
"TX50_RS03825","PMM0716"
"TX50_RS03830","PMM0717"
"TX50_RS03835","PMM0718"
"TX50_RS03840","PMM0719"
"TX50_RS03845","PMM1880"
"TX50_RS03850","PMM0720"
"TX50_RS03855","PMM0721"
"TX50_RS03860","PMM0722"
"TX50_RS03865","PMM0723"
"TX50_RS03870","PMM0724"
"TX50_RS03875","PMM0725"
"TX50_RS09630","PMM1881"
"TX50_RS03880","PMM0726"
"TX50_RS03885","PMM0727"
"TX50_RS03890","PMM0728"
"TX50_RS03895","PMM0729"
"TX50_RS03900","PMM0730"
"TX50_RS03905","PMM0731"
"TX50_RS03910","PMM0732"
"TX50_RS03915","PMM0733"
"TX50_RS03920","PMM0734"
"TX50_RS03925","PMM0735"
"TX50_RS09435","PMM1882"
"TX50_RS03935","PMM1883"
"TX50_RS09285","PMM1884"
"TX50_RS03940","PMM1885"
"TX50_RS03945","PMM0736"
"TX50_RS09635","PMM1887"
"TX50_RS03950","PMM0737"
"TX50_RS03955","PMM0738"
"TX50_RS03965","PMM0739"
"TX50_RS03970","PMM0740"
"TX50_RS03975","PMM0741"
"TX50_RS03980","PMM0742"
"TX50_RS03985","PMM0743"
"TX50_RS03990","PMM0744"
"TX50_RS03995","PMM0745"
"TX50_RS04000","PMM0746"
"TX50_RS04005","PMM0747"
"TX50_RS04010","PMM0748"
"TX50_RS04015","PMM0749"
"TX50_RS04020","PMM0750"
"TX50_RS09640","PMM0751"
"TX50_RS04025","PMM0752"
"TX50_RS04030","PMM0753"
"TX50_RS04035","PMM0754"
"TX50_RS04040","PMM0755"
"TX50_RS04045","PMM0756"
"TX50_RS04050","PMM0757"
"TX50_RS04055","PMM0758"
"TX50_RS04060","PMM0759"
"TX50_RS04065","PMM0760"
"TX50_RS04070","PMM0761"
"TX50_RS04075","PMM0762"
"TX50_RS04080","PMM0763"
"TX50_RS04085","PMM0764"
"TX50_RS04090","PMM0765"
"TX50_RS04095","PMM0766"
"TX50_RS04100","PMM0767"
"TX50_RS04105","PMM0768"
"TX50_RS04110","PMM0769"
"TX50_RS04115","PMM0770"
"TX50_RS04120","PMM0771"
"TX50_RS04125","PMM0772"
"TX50_RS04130","PMM0773"
"TX50_RS04135","PMM0774"
"TX50_RS04140","PMM0775"
"TX50_RS04145","PMM0776"
"TX50_RS04150","PMM0777"
"TX50_RS04155","PMM0778"
"TX50_RS09645","PMM1890"
"TX50_RS04160","PMM0779"
"TX50_RS04165","PMM0780"
"TX50_RS04170","PMM0781"
"TX50_RS04175","PMM0782"
"TX50_RS04180","PMM0783"
"TX50_RS04185","PMM0784"
"TX50_RS04190","PMM0785"
"TX50_RS04195","PMM0786"
"TX50_RS04200","PMM0787"
"TX50_RS04205","PMM0788"
"TX50_RS04210","PMM0789"
"TX50_RS04215","PMM0790"
"TX50_RS04220","PMM0791"
"TX50_RS04225","PMM0792"
"TX50_RS04230","PMM0793"
"TX50_RS04235","PMM0794"
"TX50_RS04240","PMM0795"
"TX50_RS04245","PMM0796"
"TX50_RS04250","PMM0797"
"TX50_RS04255","PMM0798"
"TX50_RS04260","PMM0799"
"TX50_RS04265","PMM0800"
"TX50_RS04270","PMM0801"
"TX50_RS04275","PMM0802"
"TX50_RS04280","PMM0803"
"TX50_RS04285","PMM0804"
"TX50_RS04290","PMM0805"
"TX50_RS04295","PMM0806"
"TX50_RS04305","PMM0807"
"TX50_RS04310","PMM0808"
"TX50_RS04315","PMM0809"
"TX50_RS04320","PMM1891"
"TX50_RS04325","PMM0810"
"TX50_RS04330","PMM1892"
"TX50_RS09650","PMM1893"
"TX50_RS04335","PMM0811"
"TX50_RS04340","PMM0812"
"TX50_RS04345","PMM0813"
"TX50_RS04350","PMM0814"
"TX50_RS04355","PMM1894"
"TX50_RS04360","PMM1896"
"TX50_RS04365","PMM0815"
"TX50_RS04370","PMM0816"
"TX50_RS04375","PMM0817"
"TX50_RS04380","PMM0818"
"TX50_RS09655","PMM1897"
"TX50_RS09660","PMM1898"
"TX50_RS04385","PMM0819"
"TX50_RS04390","PMM0820"
"TX50_RS04395","RNA_27"
"TX50_RS04400","PMM0821"
"TX50_RS04405","PMM0822"
"TX50_RS04410","PMM0823"
"TX50_RS04415","PMM0824"
"TX50_RS04420","PMM0825"
"TX50_RS04425","PMM0826"
"TX50_RS04430","PMM0827"
"TX50_RS04435","PMM0828"
"TX50_RS04440","PMM0829"
"TX50_RS04445","PMM0830"
"TX50_RS04450","PMM0831"
"TX50_RS04455","PMM0832"
"TX50_RS04460","PMM0833"
"TX50_RS04465","PMM0834"
"TX50_RS04470","PMM0835"
"TX50_RS04475","PMM0836"
"TX50_RS04480","PMM0837"
"TX50_RS09665","PMM1899"
"TX50_RS04490","PMM0839"
"TX50_RS04495","PMM0840"
"TX50_RS04500","PMM0841"
"TX50_RS04505","PMM0842"
"TX50_RS04510","PMM0843"
"TX50_RS04515","PMM0844"
"TX50_RS04520","PMM0845"
"TX50_RS04525","PMM0846"
"TX50_RS04530","PMM0847"
"TX50_RS04535","PMM0848"
"TX50_RS04540","PMM0849"
"TX50_RS04545","PMM0850"
"TX50_RS09865","PMM1900"
"TX50_RS04550","PMM0851"
"TX50_RS04555","PMM0852"
"TX50_RS04560","PMM0853"
"TX50_RS04565","PMM0854"
"TX50_RS04575","PMM0856"
"TX50_RS09670","PMM1902"
"TX50_RS04580","PMM0857"
"TX50_RS09675","PMM1903"
"TX50_RS09680","PMM1904"
"TX50_RS09450","PMM1905"
"TX50_RS09685","PMM1907"
"TX50_RS04585","PMM0858"
"TX50_RS04590","PMM0859"
"TX50_RS09690","PMM1910"
"TX50_RS09695","PMM1911"
"TX50_RS09510","PMM1912"
"TX50_RS09515","PMM1913"
"TX50_RS04595","RNA_6"
"TX50_RS04600","PMM0860"
"TX50_RS04605","PMM0861"
"TX50_RS09700","PMM1914"
"TX50_RS04610","RNA_26"
"TX50_RS04615","PMM0862"
"TX50_RS04620","PMM0863"
"TX50_RS04625","PMM0864"
"TX50_RS04630","PMM0865"
"TX50_RS04635","PMM0866"
"TX50_RS04640","PMM0867"
"TX50_RS04645","PMM0868"
"TX50_RS04650","PMM0869"
"TX50_RS04655","PMM0870"
"TX50_RS04660","PMM0871"
"TX50_RS04665","PMM0872"
"TX50_RS04670","PMM0873"
"TX50_RS09705","PMM1915"
"TX50_RS04675","PMM0874"
"TX50_RS04680","PMM0875"
"TX50_RS04685","PMM0876"
"TX50_RS04690","PMM0877"
"TX50_RS04695","PMM0878"
"TX50_RS04700","PMM0879"
"TX50_RS04705","PMM0880"
"TX50_RS04710","PMM0881"
"TX50_RS04715","PMM0882"
"TX50_RS04720","PMM0883"
"TX50_RS04725","PMM0884"
"TX50_RS04730","PMM0885"
"TX50_RS04735","PMM0886"
"TX50_RS04740","PMM0887"
"TX50_RS04745","PMM0888"
"TX50_RS04750","PMM0889"
"TX50_RS04755","PMM0890"
"TX50_RS04760","PMM0891"
"TX50_RS04765","PMM0892"
"TX50_RS04770","PMM0893"
"TX50_RS04775","PMM0894"
"TX50_RS04780","PMM0895"
"TX50_RS04785","PMM0896"
"TX50_RS04790","PMM0897"
"TX50_RS04795","RNA_25"
"TX50_RS04800","PMM0898"
"TX50_RS04805","PMM0899"
"TX50_RS04810","PMM0900"
"TX50_RS04815","PMM0901"
"TX50_RS04820","PMM0902"
"TX50_RS04825","PMM0903"
"TX50_RS04830","PMM0904"
"TX50_RS04835","PMM0905"
"TX50_RS04840","PMM0906"
"TX50_RS04845","PMM0907"
"TX50_RS04850","PMM0908"
"TX50_RS04855","PMM0909"
"TX50_RS04860","PMM0910"
"TX50_RS04865","PMM0911"
"TX50_RS04870","PMM0912"
"TX50_RS04875","PMM0913"
"TX50_RS04880","PMM0914"
"TX50_RS04885","PMM0915"
"TX50_RS04890","PMM0916"
"TX50_RS04895","PMM0917"
"TX50_RS04900","PMM0918"
"TX50_RS04905","PMM0919"
"TX50_RS04910","PMM0920"
"TX50_RS04915","PMM0921"
"TX50_RS04920","PMM0922"
"TX50_RS04925","PMM0923"
"TX50_RS04930","PMM0924"
"TX50_RS04935","PMM0925"
"TX50_RS04940","PMM0926"
"TX50_RS04945","PMM0927"
"TX50_RS04950","PMM0928"
"TX50_RS04955","PMM0929"
"TX50_RS04960","PMM0930"
"TX50_RS04965","PMM0931"
"TX50_RS04970","PMM0932"
"TX50_RS04975","PMM0933"
"TX50_RS04980","PMM0934"
"TX50_RS04985","PMM0935"
"TX50_RS04990","PMM0936"
"TX50_RS04995","PMM0937"
"TX50_RS05000","PMM0938"
"TX50_RS05005","PMM0939"
"TX50_RS05010","PMM0940"
"TX50_RS05015","PMM0941"
"TX50_RS05020","PMM0942"
"TX50_RS05025","PMM0943"
"TX50_RS05030","PMM0944"
"TX50_RS05035","PMM0945"
"TX50_RS05040","PMM0946"
"TX50_RS05045","PMM0947"
"TX50_RS05050","PMM0948"
"TX50_RS05055","PMM0949"
"TX50_RS09300","PMM0950"
"TX50_RS05060","PMM0951"
"TX50_RS05065","PMM0952"
"TX50_RS05070","PMM0953"
"TX50_RS05075","PMM0954"
"TX50_RS05080","PMM0955"
"TX50_RS05085","RNA_7"
"TX50_RS05090","PMM0956"
"TX50_RS05095","PMM0957"
"TX50_RS05100","PMM0958"
"TX50_RS05105","PMM0959"
"TX50_RS05110","PMM0960"
"TX50_RS05115","PMM0961"
"TX50_RS05120","PMM0962"
"TX50_RS05125","PMM0963"
"TX50_RS05130","PMM0964"
"TX50_RS05135","PMM0965"
"TX50_RS05140","PMM0966"
"TX50_RS05145","PMM0967"
"TX50_RS05150","PMM0968"
"TX50_RS05155","PMM0969"
"TX50_RS05160","PMM0970"
"TX50_RS05165","PMM0971"
"TX50_RS05170","PMM0972"
"TX50_RS05175","PMM0973"
"TX50_RS05180","PMM0974"
"TX50_RS05185","PMM1919"
"TX50_RS09715","PMM1921"
"TX50_RS09460","PMM1922"
"TX50_RS05190","PMM0975"
"TX50_RS05195","PMM0976"
"TX50_RS05200","PMM0977"
"TX50_RS05205","PMM0978"
"TX50_RS05210","PMM0979"
"TX50_RS05215","PMM0980"
"TX50_RS05220","PMM0981"
"TX50_RS05225","PMM0982"
"TX50_RS05230","PMM0983"
"TX50_RS05235","PMM1924"
"TX50_RS05240","PMM1925"
"TX50_RS05245","PMM0984"
"TX50_RS05250","PMM1926"
"TX50_RS05255","PMM0985"
"TX50_RS05260","PMM0986"
"TX50_RS05265","PMM0987"
"TX50_RS05270","PMM0988"
"TX50_RS05275","PMM0989"
"TX50_RS05280","PMM0990"
"TX50_RS05285","PMM0991"
"TX50_RS05295","PMM0992"
"TX50_RS05300","PMM0993"
"TX50_RS05305","PMM0994"
"TX50_RS09720","PMM1928"
"TX50_RS05315","PMM0996"
"TX50_RS05320","PMM0997"
"TX50_RS09725","PMM1931"
"TX50_RS05325","PMM0998"
"TX50_RS05330","PMM0999"
"TX50_RS05335","PMM1000"
"TX50_RS05340","PMM1001"
"TX50_RS09870","PMM1932"
"TX50_RS05350","PMM1002"
"TX50_RS05360","PMM1003"
"TX50_RS05365","PMM1934"
"TX50_RS05370","PMM1004"
"TX50_RS09315","PMM1005"
"TX50_RS05380","PMM1006"
"TX50_RS05385","PMM1007"
"TX50_RS05390","PMM1008"
"TX50_RS05395","PMM1009"
"TX50_RS05400","PMM1010"
"TX50_RS05405","PMM1011"
"TX50_RS05415","PMM1012"
"TX50_RS05420","PMM1937"
"TX50_RS05425","PMM1013"
"TX50_RS05430","PMM1014"
"TX50_RS05435","PMM1015"
"TX50_RS05445","PMM1017"
"TX50_RS05450","PMM1018"
"TX50_RS05455","PMM1939"
"TX50_RS05460","PMM1019"
"TX50_RS05465","PMM1941"
"TX50_RS05470","PMM1020"
"TX50_RS05475","PMM1021"
"TX50_RS05480","PMM1022"
"TX50_RS05485","PMM1943"
"TX50_RS05490","PMM1944"
"TX50_RS05495","PMM1023"
"TX50_RS05500","PMM1024"
"TX50_RS05505","PMM1025"
"TX50_RS05510","PMM1946"
"TX50_RS05520","PMM1026"
"TX50_RS05525","PMM1027"
"TX50_RS09735","PMM1948"
"TX50_RS09740","PMM1949"
"TX50_RS05530","PMM1028"
"TX50_RS09745","PMM1950"
"TX50_RS05535","PMM1029"
"TX50_RS05540","PMM1030"
"TX50_RS05545","PMM1031"
"TX50_RS05550","PMM1032"
"TX50_RS05555","PMM1033"
"TX50_RS05560","PMM1034"
"TX50_RS09750","PMM1951"
"TX50_RS09475","PMM1952"
"TX50_RS05565","PMM1035"
"TX50_RS05575","PMM1037"
"TX50_RS05580","PMM1038"
"TX50_RS05585","PMM1039"
"TX50_RS05590","PMM1040"
"TX50_RS05595","PMM1041"
"TX50_RS05600","PMM1042"
"TX50_RS05605","PMM1043"
"TX50_RS05615","PMM1044"
"TX50_RS05620","PMM1045"
"TX50_RS05625","PMM1046"
"TX50_RS05630","PMM1047"
"TX50_RS05635","PMM1048"
"TX50_RS05640","PMM1049"
"TX50_RS05645","PMM1050"
"TX50_RS05650","PMM1051"
"TX50_RS05655","PMM1052"
"TX50_RS05660","PMM1053"
"TX50_RS05665","PMM1054"
"TX50_RS05670","PMM1055"
"TX50_RS05675","PMM1056"
"TX50_RS05680","PMM1057"
"TX50_RS05685","PMM1058"
"TX50_RS05690","PMM1059"
"TX50_RS05695","PMM1060"
"TX50_RS05700","PMM1061"
"TX50_RS05705","PMM1062"
"TX50_RS05710","PMM1063"
"TX50_RS05715","PMM1064"
"TX50_RS05720","PMM1065"
"TX50_RS05725","PMM1066"
"TX50_RS05730","PMM1067"
"TX50_RS05735","PMM1068"
"TX50_RS05740","PMM1069"
"TX50_RS05745","PMM1070"
"TX50_RS05750","PMM1071"
"TX50_RS05755","PMM1072"
"TX50_RS05760","PMM1073"
"TX50_RS05765","PMM1074"
"TX50_RS05770","PMM1075"
"TX50_RS05775","PMM1076"
"TX50_RS05780","RNA_24"
"TX50_RS05785","PMM1077"
"TX50_RS05790","PMM1078"
"TX50_RS05795","PMM1079"
"TX50_RS05800","PMM1080"
"TX50_RS05805","PMM1081"
"TX50_RS05810","PMM1082"
"TX50_RS05815","PMM1083"
"TX50_RS05820","PMM1084"
"TX50_RS05825","PMM1085"
"TX50_RS05830","PMM1086"
"TX50_RS05835","PMM1087"
"TX50_RS05840","PMM1088"
"TX50_RS05845","PMM1089"
"TX50_RS05850","PMM1090"
"TX50_RS05855","PMM1091"
"TX50_RS05860","PMM1092"
"TX50_RS05865","PMM1093"
"TX50_RS05870","PMM1094"
"TX50_RS05875","PMM1095"
"TX50_RS05880","PMM1096"
"TX50_RS05885","PMM1097"
"TX50_RS05890","PMM1098"
"TX50_RS05895","PMM1099"
"TX50_RS05900","PMM1100"
"TX50_RS05905","PMM1101"
"TX50_RS05910","PMM1102"
"TX50_RS05915","PMM1103"
"TX50_RS05920","PMM1104"
"TX50_RS05925","PMM1105"
"TX50_RS05930","PMM1106"
"TX50_RS05935","PMM1107"
"TX50_RS05940","PMM1108"
"TX50_RS05945","PMM1109"
"TX50_RS05950","PMM1110"
"TX50_RS05955","PMM1111"
"TX50_RS05960","PMM1112"
"TX50_RS05965","PMM1113"
"TX50_RS05970","PMM1114"
"TX50_RS05975","PMM1115"
"TX50_RS05980","PMM1116"
"TX50_RS05985","PMM1117"
"TX50_RS05990","RNA_8"
"TX50_RS05995","PMM1118"
"TX50_RS06000","PMM1119"
"TX50_RS06005","PMM1120"
"TX50_RS06010","PMM1121"
"TX50_RS09755","PMM1954"
"TX50_RS06015","PMM1122"
"TX50_RS06020","RNA_9"
"TX50_RS06025","PMM1123"
"TX50_RS09760","PMM1955"
"TX50_RS09190","PMM1124"
"TX50_RS06035","PMM1125"
"TX50_RS09195","PMM1126"
"TX50_RS06050","PMM1127"
"TX50_RS06055","PMM1128"
"TX50_RS09875","PMM1956"
"TX50_RS06060","PMM1129"
"TX50_RS06065","PMM1130"
"TX50_RS06070","PMM1131"
"TX50_RS06075","PMM1957"
"TX50_RS06080","PMM1958"
"TX50_RS06085","PMM1959"
"TX50_RS06090","PMM1132"
"TX50_RS06095","PMM1133"
"TX50_RS09765","PMM1960"
"TX50_RS06100","PMM1961"
"TX50_RS06105","PMM1134"
"TX50_RS06110","PMM1135"
"TX50_RS06115","PMM1962"
"TX50_RS06125","PMM1963"
"TX50_RS06130","PMM1137"
"TX50_RS09480","PMM1964"
"TX50_RS06135","PMM1138"
"TX50_RS06140","PMM1139"
"TX50_RS06145","PMM1140"
"TX50_RS06150","PMM1141"
"TX50_RS06155","PMM1142"
"TX50_RS06160","PMM1143"
"TX50_RS06165","PMM1144"
"TX50_RS06170","PMM1145"
"TX50_RS06175","PMM1146"
"TX50_RS06180","PMM1147"
"TX50_RS06185","PMM1148"
"TX50_RS06190","PMM1149"
"TX50_RS06195","PMM1150"
"TX50_RS06200","PMM1151"
"TX50_RS06205","PMM1966"
"TX50_RS06210","PMM1152"
"TX50_RS06215","PMM1152a"
"TX50_RS06220","PMM1153"
"TX50_RS06225","PMM1154"
"TX50_RS06230","PMM1155"
"TX50_RS06235","PMM1156"
"TX50_RS06240","PMM1157"
"TX50_RS06245","PMM1158"
"TX50_RS06250","PMM1159"
"TX50_RS06255","PMM1160"
"TX50_RS06260","PMM1161"
"TX50_RS06265","PMM1162"
"TX50_RS06270","PMM1163"
"TX50_RS06275","PMM1968"
"TX50_RS09485","PMM1970"
"TX50_RS06285","RNA_23"
"TX50_RS06290","PMM1164"
"TX50_RS06295","PMM1165"
"TX50_RS06300","PMM1166"
"TX50_RS06305","PMM1167"
"TX50_RS09770","PMM1971"
"TX50_RS06310","PMM1168"
"TX50_RS06315","PMM1169"
"TX50_RS06320","PMM1170"
"TX50_RS06325","PMM1171"
"TX50_RS06330","PMM1172"
"TX50_RS06335","PMM1173"
"TX50_RS06340","PMM1174"
"TX50_RS06345","PMM1175"
"TX50_RS06350","PMM1176"
"TX50_RS06355","PMM1177"
"TX50_RS06360","PMM1178"
"TX50_RS06365","PMM1179"
"TX50_RS06370","PMM1180"
"TX50_RS06375","PMM1181"
"TX50_RS06380","PMM1182"
"TX50_RS06385","PMM1183"
"TX50_RS06390","PMM1184"
"TX50_RS06395","PMM1185"
"TX50_RS06400","PMM1186"
"TX50_RS06405","PMM1187"
"TX50_RS06410","PMM1188"
"TX50_RS06415","PMM1189"
"TX50_RS06420","PMM1190"
"TX50_RS06425","PMM1191"
"TX50_RS06430","PMM1192"
"TX50_RS06435","PMM1193"
"TX50_RS06440","PMM1194"
"TX50_RS06445","PMM1195"
"TX50_RS06450","PMM1196"
"TX50_RS06455","RNA_10"
"TX50_RS06460","PMM1197"
"TX50_RS06465","PMM1198"
"TX50_RS06470","PMM1199"
"TX50_RS06475","PMM1200"
"TX50_RS06480","PMM1201"
"TX50_RS06485","PMM1202"
"TX50_RS06490","PMM1203"
"TX50_RS06495","PMM1204"
"TX50_RS06500","PMM1205"
"TX50_RS06505","PMM1206"
"TX50_RS06510","PMM1207"
"TX50_RS06515","PMM1208"
"TX50_RS06520","PMM1209"
"TX50_RS06525","PMM1210"
"TX50_RS06530","PMM1211"
"TX50_RS06535","PMM1212"
"TX50_RS06540","PMM1213"
"TX50_RS06545","PMM1214"
"TX50_RS06550","PMM1215"
"TX50_RS06555","PMM1216"
"TX50_RS06560","PMM1217"
"TX50_RS06565","PMM1218"
"TX50_RS06570","PMM1219"
"TX50_RS06575","PMM1220"
"TX50_RS06580","PMM1221"
"TX50_RS09200","PMM1222"
"TX50_RS06590","PMM1223"
"TX50_RS06595","PMM1224"
"TX50_RS06600","PMM1225"
"TX50_RS06605","PMM1226"
"TX50_RS06610","PMM1227"
"TX50_RS06615","PMM1228"
"TX50_RS06620","PMM1229"
"TX50_RS09205","PMM1230"
"TX50_RS06630","PMM1231"
"TX50_RS06635","PMM1232"
"TX50_RS06640","PMM1233"
"TX50_RS06645","PMM1234"
"TX50_RS06650","PMM1235"
"TX50_RS06655","PMM1236"
"TX50_RS06660","PMM1237"
"TX50_RS06665","PMM1238"
"TX50_RS06670","PMM1239"
"TX50_RS06675","PMM1240"
"TX50_RS06680","PMM1241"
"TX50_RS06685","PMM1242"
"TX50_RS06690","PMM1243"
"TX50_RS09775","PMM1244"
"TX50_RS09880","PMM1245"
"TX50_RS06700","PMM1246"
"TX50_RS06705","PMM1247"
"TX50_RS06710","PMM1248"
"TX50_RS06715","PMM1249"
"TX50_RS09885","PMM1972"
"TX50_RS06720","PMM1250"
"TX50_RS06725","PMM1251"
"TX50_RS09210","PMM1252"
"TX50_RS06735","PMM1253"
"TX50_RS06740","PMM1254"
"TX50_RS06745","PMM1255"
"TX50_RS06750","RNA_22"
"TX50_RS06755","PMM1256"
"TX50_RS06760","PMM1257"
"TX50_RS06765","PMM1258"
"TX50_RS06770","PMM1259"
"TX50_RS06775","PMM1260"
"TX50_RS06780","PMM1261"
"TX50_RS06785","PMM1262"
"TX50_RS06790","PMM1263"
"TX50_RS06795","PMM1264"
"TX50_RS06800","PMM1265"
"TX50_RS06805","PMM1266"
"TX50_RS06810","PMM1267"
"TX50_RS06815","PMM1268"
"TX50_RS06820","PMM1269"
"TX50_RS06825","PMM1270"
"TX50_RS06830","PMM1271"
"TX50_RS06835","PMM1272"
"TX50_RS06840","PMM1273"
"TX50_RS06845","PMM1274"
"TX50_RS06850","PMM1275"
"TX50_RS09780","PMM1276"
"TX50_RS06855","PMM1278"
"TX50_RS06860","PMM1279"
"TX50_RS09360","PMM1280"
"TX50_RS06875","PMM1281"
"TX50_RS06880","PMM1282"
"TX50_RS06885","PMM1283"
"TX50_RS06890","PMM1284"
"TX50_RS06895","PMM1285"
"TX50_RS06900","PMM1286"
"TX50_RS06905","PMM1287"
"TX50_RS06910","PMM1288"
"TX50_RS06915","PMM1289"
"TX50_RS06920","PMM1290"
"TX50_RS06925","PMM1291"
"TX50_RS06930","PMM1292"
"TX50_RS06935","PMM1293"
"TX50_RS06940","PMM1294"
"TX50_RS06945","PMM1295"
"TX50_RS06950","PMM1296"
"TX50_RS06955","PMM1297"
"TX50_RS06960","PMM1298"
"TX50_RS06965","PMM1299"
"TX50_RS06970","PMM1300"
"TX50_RS06975","RNA_11"
"TX50_RS06980","PMM1301"
"TX50_RS06985","PMM1302"
"TX50_RS06990","PMM1303"
"TX50_RS06995","PMM1304"
"TX50_RS07000","RNA_12"
"TX50_RS07005","PMM1305"
"TX50_RS07010","PMM1306"
"TX50_RS07015","PMM1307"
"TX50_RS07020","PMM1308"
"TX50_RS07025","PMM1309"
"TX50_RS09320","RNA_44"
"TX50_RS07030","PMM1310"
"TX50_RS07035","PMM1311"
"TX50_RS07040","PMM1312"
"TX50_RS07045","PMM1313"
"TX50_RS07050","PMM1314"
"TX50_RS07055","PMM1315"
"TX50_RS07060","PMM1316"
"TX50_RS07065","PMM1317"
"TX50_RS09890","PMM1974"
"TX50_RS07075","PMM1318"
"TX50_RS07080","PMM1319"
"TX50_RS07085","PMM1320"
"TX50_RS07090","PMM1321"
"TX50_RS07095","PMM1322"
"TX50_RS07100","RNA_21"
"TX50_RS07105","PMM1323"
"TX50_RS07110","PMM1324"
"TX50_RS07115","PMM1325"
"TX50_RS07120","PMM1326"
"TX50_RS07125","PMM1327"
"TX50_RS07130","PMM1328"
"TX50_RS07135","PMM1329"
"TX50_RS07140","PMM1330"
"TX50_RS07145","PMM1331"
"TX50_RS07150","PMM1332"
"TX50_RS07155","PMM1333"
"TX50_RS07160","PMM1334"
"TX50_RS07165","PMM1335"
"TX50_RS07170","PMM1336"
"TX50_RS07175","PMM1337"
"TX50_RS07180","PMM1338"
"TX50_RS07185","PMM1339"
"TX50_RS07190","PMM1340"
"TX50_RS07195","PMM1341"
"TX50_RS07200","PMM1342"
"TX50_RS07205","PMM1343"
"TX50_RS07210","PMM1344"
"TX50_RS07215","PMM1345"
"TX50_RS07220","PMM1346"
"TX50_RS07225","PMM1347"
"TX50_RS07230","PMM1348"
"TX50_RS07235","PMM1349"
"TX50_RS07240","PMM1350"
"TX50_RS07245","PMM1351"
"TX50_RS07250","PMM1352"
"TX50_RS07255","PMM1353"
"TX50_RS07260","PMM1354"
"TX50_RS07265","PMM1355"
"TX50_RS07270","PMM1356"
"TX50_RS07275","RNA_13"
"TX50_RS07280","PMM1357"
"TX50_RS07285","PMM1358"
"TX50_RS09785","PMM1975"
"TX50_RS07290","PMM1359"
"TX50_RS07295","PMM1360"
"TX50_RS07300","PMM1361"
"TX50_RS07305","PMM1362"
"TX50_RS09365","PMM1363"
"TX50_RS07320","PMM1364"
"TX50_RS07325","PMM1365"
"TX50_RS07330","PMM1366"
"TX50_RS07335","PMM1367"
"TX50_RS07340","PMM1368"
"TX50_RS07345","PMM1369"
"TX50_RS07350","PMM1370"
"TX50_RS07355","PMM1978"
"TX50_RS07360","PMM1371"
"TX50_RS07365","PMM1372"
"TX50_RS09790","PMM1981"
"TX50_RS07370","PMM1982"
"TX50_RS07375","PMM1983"
"TX50_RS09795","PMM1985"
"TX50_RS07380","PMM1373"
"TX50_RS07385","PMM1374"
"TX50_RS07390","PMM1375"
"TX50_RS07395","PMM1376"
"TX50_RS07400","PMM1377"
"TX50_RS07405","PMM1378"
"TX50_RS09800","PMM1988"
"TX50_RS07410","PMM1989"
"TX50_RS09805","PMM1990"
"TX50_RS09810","PMM1991"
"TX50_RS07415","PMM1379"
"TX50_RS09815","PMM1992"
"TX50_RS07420","PMM1380"
"TX50_RS07425","PMM1381"
"TX50_RS07430","PMM1382"
"TX50_RS09525","PMM1994"
"TX50_RS07440","PMM1383"
"TX50_RS07445","PMM1384"
"TX50_RS07450","PMM1385"
"TX50_RS09820","PMM1998"
"TX50_RS07455","PMM1386"
"TX50_RS09325","PMM2002"
"TX50_RS07460","PMM1387"
"TX50_RS07465","PMM1388"
"TX50_RS07470","PMM1389"
"TX50_RS09825","PMM2003"
"TX50_RS07475","PMM1390"
"TX50_RS07480","PMM1391"
"TX50_RS07485","PMM1392"
"TX50_RS07490","PMM1393"
"TX50_RS07495","PMM1394"
"TX50_RS07500","PMM1395"
"TX50_RS07505","PMM2004"
"TX50_RS07510","PMM1396"
"TX50_RS07515","PMM1397"
"TX50_RS07520","PMM1398"
"TX50_RS07525","PMM1399"
"TX50_RS07530","PMM1400"
"TX50_RS09830","PMM2005"
"TX50_RS07535","PMM1401"
"TX50_RS09495","PMM2006"
"TX50_RS07540","PMM1402"
"TX50_RS09835","PMM2007"
"TX50_RS07545","PMM2008"
"TX50_RS07550","PMM1403"
"TX50_RS07555","PMM1404"
"TX50_RS07560","PMM1405"
"TX50_RS07565","PMM1406"
"TX50_RS07570","PMM1407"
"TX50_RS07575","PMM1408"
"TX50_RS07580","PMM1409"
"TX50_RS07585","PMM1410"
"TX50_RS07590","PMM2009"
"TX50_RS07595","PMM2010"
"TX50_RS07600","PMM2011"
"TX50_RS07610","PMM1412"
"TX50_RS07615","PMM1413"
"TX50_RS07620","PMM1414"
"TX50_RS07625","PMM1415"
"TX50_RS07630","PMM1416"
"TX50_RS09840","PMM2013"
"TX50_RS07635","PMM1417"
"TX50_RS07640","PMM1418"
"TX50_RS07645","PMM1419"
"TX50_RS07650","PMM2014"
"TX50_RS07655","PMM1420"
"TX50_RS09370","PMM1421"
"TX50_RS07665","PMM1422"
"TX50_RS07670","PMM1423"
"TX50_RS07675","PMM1424"
"TX50_RS09845","PMM2077"
"TX50_RS07680","PMM2015"
"TX50_RS09215","PMM1425"
"TX50_RS07690","PMM1426"
"TX50_RS09330","PMM1427"
"TX50_RS07695","PMM1428"
"TX50_RS07700","PMM1429"
"TX50_RS07705","PMM1430"
"TX50_RS07710","PMM1431"
"TX50_RS07715","PMM1432"
"TX50_RS07720","PMM1433"
"TX50_RS07725","PMM1434"
"TX50_RS07730","PMM1435"
"TX50_RS07735","PMM1436"
"TX50_RS07740","PMM1437"
"TX50_RS07745","PMM1438"
"TX50_RS07750","PMM1439"
"TX50_RS07755","PMM1440"
"TX50_RS09850","PMM1441"
"TX50_RS07760","PMM1442"
"TX50_RS07765","PMM1443"
"TX50_RS07770","PMM1444"
"TX50_RS07775","PMM1445"
"TX50_RS07780","PMM1446"
"TX50_RS07785","PMM1447"
"TX50_RS07790","PMM1448"
"TX50_RS07795","PMM1449"
"TX50_RS07800","PMM1450"
"TX50_RS07805","PMM1451"
"TX50_RS07810","PMM1452"
"TX50_RS07815","PMM1453"
"TX50_RS07820","PMM1454"
"TX50_RS07825","PMM1455"
"TX50_RS07830","PMM1456"
"TX50_RS07835","PMM1457"
"TX50_RS07840","PMM1458"
"TX50_RS07845","PMM1459"
"TX50_RS07850","PMM1460"
"TX50_RS07855","PMM1461"
"TX50_RS07860","PMM1462"
"TX50_RS07865","PMM1463"
"TX50_RS07870","PMM1464"
"TX50_RS07875","PMM1465"
"TX50_RS07880","PMM1466"
"TX50_RS07885","PMM1467"
"TX50_RS07890","PMM1468"
"TX50_RS07895","PMM1469"
"TX50_RS07900","PMM1470"
"TX50_RS07905","PMM1471"
"TX50_RS07910","PMM1472"
"TX50_RS07915","PMM1473"
"TX50_RS07920","PMM1474"
"TX50_RS07925","PMM1475"
"TX50_RS07930","PMM1476"
"TX50_RS07935","PMM1477"
"TX50_RS07940","PMM1478"
"TX50_RS07945","PMM1479"
"TX50_RS07950","PMM1480"
"TX50_RS07955","PMM1481"
"TX50_RS07960","PMM1482"
"TX50_RS07965","PMM1483"
"TX50_RS07970","PMM1484"
"TX50_RS07975","PMM1485"
"TX50_RS07980","PMM1486"
"TX50_RS07985","PMM1487"
"TX50_RS07990","PMM1488"
"TX50_RS07995","PMM1489"
"TX50_RS08000","PMM1490"
"TX50_RS08005","PMM1491"
"TX50_RS08010","PMM1492"
"TX50_RS08015","PMM1493"
"TX50_RS08020","PMM1494"
"TX50_RS08025","PMM1495"
"TX50_RS08030","PMM1496"
"TX50_RS08035","PMM1497"
"TX50_RS08040","PMM1498"
"TX50_RS08045","PMM1499"
"TX50_RS08050","PMM1500"
"TX50_RS08055","PMM1501"
"TX50_RS08060","PMM1502"
"TX50_RS08065","PMM1503"
"TX50_RS08070","PMM1504"
"TX50_RS08075","PMM1505"
"TX50_RS08080","PMM1506"
"TX50_RS08085","PMM1507"
"TX50_RS08090","PMM1508"
"TX50_RS08095","PMM1509"
"TX50_RS08100","PMM1510"
"TX50_RS08105","PMM1511"
"TX50_RS08110","PMM1512"
"TX50_RS08115","PMM1513"
"TX50_RS08120","PMM1514"
"TX50_RS08125","PMM1515"
"TX50_RS08130","PMM1516"
"TX50_RS08135","PMM1517"
"TX50_RS08140","PMM1518"
"TX50_RS08145","PMM1519"
"TX50_RS08150","PMM1520"
"TX50_RS08155","PMM1521"
"TX50_RS08160","PMM1522"
"TX50_RS08165","PMM1523"
"TX50_RS08170","PMM1524"
"TX50_RS08175","PMM1525"
"TX50_RS08180","PMM1526"
"TX50_RS08185","RNA_20"
"TX50_RS08190","PMM1527"
"TX50_RS08195","PMM1528"
"TX50_RS08200","PMM1529"
"TX50_RS08205","PMM1530"
"TX50_RS08210","PMM1531"
"TX50_RS08215","PMM1532"
"TX50_RS08220","PMM1533"
"TX50_RS08225","PMM1534"
"TX50_RS08230","PMM1535"
"TX50_RS08235","PMM1536"
"TX50_RS08240","PMM1537"
"TX50_RS09335","PMM1538"
"TX50_RS08245","PMM1539"
"TX50_RS08250","PMM1540"
"TX50_RS08255","PMM1541"
"TX50_RS08260","PMM1542"
"TX50_RS08265","PMM1543"
"TX50_RS08270","PMM1544"
"TX50_RS08275","PMM1545"
"TX50_RS08280","PMM1546"
"TX50_RS08285","PMM1547"
"TX50_RS08290","PMM1548"
"TX50_RS08295","PMM1549"
"TX50_RS08300","PMM1550"
"TX50_RS08305","PMM1551"
"TX50_RS08310","PMM1552"
"TX50_RS08315","PMM1553"
"TX50_RS08320","PMM1554"
"TX50_RS08325","PMM1555"
"TX50_RS08330","PMM1556"
"TX50_RS08335","PMM1557"
"TX50_RS08340","PMM1558"
"TX50_RS08345","PMM1559"
"TX50_RS08350","PMM1560"
"TX50_RS08355","RNA_14"
"TX50_RS08360","PMM1561"
"TX50_RS08365","PMM1562"
"TX50_RS08370","PMM1563"
"TX50_RS08375","PMM1564"
"TX50_RS08380","PMM1565"
"TX50_RS08385","PMM1566"
"TX50_RS08390","PMM1567"
"TX50_RS08395","PMM1568"
"TX50_RS08400","PMM1569"
"TX50_RS08405","PMM1570"
"TX50_RS08410","PMM1571"
"TX50_RS08415","PMM1572"
"TX50_RS08420","PMM1573"
"TX50_RS08425","RNA_15"
"TX50_RS08430","PMM1574"
"TX50_RS08435","PMM1575"
"TX50_RS08440","PMM1576"
"TX50_RS08445","PMM1577"
"TX50_RS08450","PMM1578"
"TX50_RS08455","PMM1579"
"TX50_RS08460","PMM1580"
"TX50_RS08465","PMM1581"
"TX50_RS08470","PMM1582"
"TX50_RS08475","PMM1583"
"TX50_RS08480","PMM1584"
"TX50_RS08485","PMM1585"
"TX50_RS09340","PMM1586"
"TX50_RS08495","RNA_16"
"TX50_RS09505","PMM1587"
"TX50_RS08500","PMM1588"
"TX50_RS08505","PMM1589"
"TX50_RS08510","PMM1590"
"TX50_RS08515","PMM1591"
"TX50_RS08520","PMM1592"
"TX50_RS08525","PMM1593"
"TX50_RS08530","PMM1594"
"TX50_RS08535","PMM1595"
"TX50_RS08540","PMM1596"
"TX50_RS08545","PMM1597"
"TX50_RS08550","PMM1598"
"TX50_RS08555","PMM1599"
"TX50_RS08560","PMM1600"
"TX50_RS08565","PMM1601"
"TX50_RS08570","PMM1602"
"TX50_RS08575","RNA_19"
"TX50_RS09220","RNA_42"
"TX50_RS08580","PMM1603"
"TX50_RS08585","PMM1604"
"TX50_RS08590","PMM1605"
"TX50_RS08595","PMM1606"
"TX50_RS08600","PMM1607"
"TX50_RS08605","PMM1608"
"TX50_RS08610","PMM1609"
"TX50_RS08615","PMM1610"
"TX50_RS08620","PMM1611"
"TX50_RS08625","PMM1612"
"TX50_RS08630","PMM1613"
"TX50_RS08635","PMM1614"
"TX50_RS08640","PMM1615"
"TX50_RS08645","PMM1616"
"TX50_RS08650","PMM1617"
"TX50_RS08655","PMM1618"
"TX50_RS08660","PMM1619"
"TX50_RS08665","PMM1620"
"TX50_RS08670","PMM1621"
"TX50_RS08675","PMM1622"
"TX50_RS08680","PMM1623"
"TX50_RS08685","PMM1624"
"TX50_RS08690","PMM1625"
"TX50_RS08695","PMM1626"
"TX50_RS08700","PMM1627"
"TX50_RS08705","PMM1628"
"TX50_RS08710","PMM1629"
"TX50_RS08715","PMM1630"
"TX50_RS08720","PMM1631"
"TX50_RS08725","PMM1632"
"TX50_RS08730","PMM1633"
"TX50_RS08735","PMM1634"
"TX50_RS08740","PMM1635"
"TX50_RS08745","PMM1636"
"TX50_RS08750","PMM1637"
"TX50_RS08755","PMM1638"
"TX50_RS08760","PMM1639"
"TX50_RS08765","PMM1640"
"TX50_RS08770","PMM1641"
"TX50_RS08775","PMM1642"
"TX50_RS08780","RNA_18"
"TX50_RS08785","PMM1643"
"TX50_RS08790","PMM1644"
"TX50_RS08795","PMM1645"
"TX50_RS08800","PMM1646"
"TX50_RS08805","PMM1647"
"TX50_RS08810","PMM1648"
"TX50_RS08815","PMM1649"
"TX50_RS08820","PMM1650"
"TX50_RS08825","PMM1651"
"TX50_RS08830","PMM1652"
"TX50_RS08835","PMM1653"
"TX50_RS08840","PMM1654"
"TX50_RS08845","PMM1655"
"TX50_RS08850","PMM1656"
"TX50_RS08855","PMM1657"
"TX50_RS08860","PMM1658"
"TX50_RS08865","PMM1659"
"TX50_RS08870","PMM1660"
"TX50_RS08875","PMM1661"
"TX50_RS08880","PMM1662"
"TX50_RS08885","PMM1663"
"TX50_RS08890","PMM1664"
"TX50_RS08895","PMM1665"
"TX50_RS08900","PMM1666"
"TX50_RS08905","PMM1667"
"TX50_RS08910","PMM1668"
"TX50_RS08915","PMM1669"
"TX50_RS08920","PMM1670"
"TX50_RS08925","PMM1671"
"TX50_RS08930","PMM1672"
"TX50_RS08935","PMM1673"
"TX50_RS08940","PMM1674"
"TX50_RS08945","PMM1675"
"TX50_RS08950","PMM1676"
"TX50_RS08955","PMM2019"
"TX50_RS08960","PMM1677"
"TX50_RS08965","PMM1678"
"TX50_RS08970","PMM1679"
"TX50_RS09855","PMM1680"
"TX50_RS08975","PMM1681"
"TX50_RS08980","PMM1682"
"TX50_RS08985","PMM1683"
"TX50_RS08990","RNA_17"
"TX50_RS08995","PMM1684"
"TX50_RS09000","PMM1685"
"TX50_RS09005","PMM1686"
"TX50_RS09010","PMM1687"
"TX50_RS09015","PMM1688"
"TX50_RS09020","PMM1689"
"TX50_RS09025","PMM1690"
"TX50_RS09030","PMM1691"
"TX50_RS09035","PMM1692"
"TX50_RS09040","PMM1693"
"TX50_RS09045","PMM1694"
"TX50_RS09050","PMM1695"
"TX50_RS09055","PMM1696"
"TX50_RS09060","PMM1697"
"TX50_RS09065","PMM1698"
"TX50_RS09070","PMM1699"
"TX50_RS09075","PMM1700"
"TX50_RS09080","PMM1701"
"TX50_RS09085","PMM1702"
"TX50_RS09090","PMM1703"
"TX50_RS09095","PMM1704"
"TX50_RS09100","PMM1705"
"TX50_RS09105","PMM1706"
"TX50_RS09110","PMM1707"
"TX50_RS09120","PMM1708"
"TX50_RS09125","PMM1709"
"TX50_RS09130","PMM1710"
"TX50_RS09135","PMM1711"
"TX50_RS09140","PMM1712"
"TX50_RS09145","PMM1713"
"TX50_RS09150","PMM1714"
"TX50_RS09155","PMM1715"
"TX50_RS09160","PMM1716"
